pair_id,prime_syll,target_syll,sharedUnit,same_cond,prime,target,prime_pic,target_pic,primeId,targetId
155,CV,CVC,control,n,사슴,침대,PICTURE_105.png,PICTURE_268.png,Deer,Bed
156,CV,CVC,control,n,사슴,폴더,PICTURE_105.png,PICTURE_596.png,Deer,Folder
172,CV,CV,control,n,사슴,치즈,PICTURE_105.png,PICTURE_72.png,Deer,Cheese
249,CVC,CVC,control,n,책상,군인,PICTURE_110.png,PICTURE_317.png,Desk,Soldier
250,CVC,CVC,control,n,책상,팔찌,PICTURE_110.png,PICTURE_588.png,Desk,Bracelet
259,CVC,CVC,control,n,공주,신문,PICTURE_157.png,PICTURE_61.png,Princess,Newspaper
260,CVC,CVC,control,n,공주,전화,PICTURE_157.png,PICTURE_509.png,Princess,Telephone
9,CV,CVC,control,n,버섯,눈썹,PICTURE_177.png,PICTURE_578.png,Mushroom,Eyebrow
10,CV,CVC,control,n,버섯,감자,PICTURE_177.png,PICTURE_249.png,Mushroom,Potato
52,CV,CV,control,n,버섯,계단,PICTURE_177.png,PICTURE_500.png,Mushroom,Stairs
161,CVC,CV,control,n,삼각,치마,PICTURE_181.png,PICTURE_199.png,Triangle,Skirt
162,CVC,CV,control,n,삼각,포크,PICTURE_181.png,PICTURE_673.png,Triangle,Fork
167,CVC,CVC,control,n,삼각,칠판,PICTURE_181.png,PICTURE_402.png,Triangle,Blackboard
179,CV,CVC,control,n,치마,상어,PICTURE_199.png,PICTURE_533.png,Skirt,Shark
180,CV,CVC,control,n,치마,폭탄,PICTURE_199.png,PICTURE_386.png,Skirt,Bomb
195,CV,CV,control,n,치마,포도,PICTURE_199.png,PICTURE_620.png,Skirt,Grapes
227,CVC,CVC,control,n,발목,문어,PICTURE_205.png,PICTURE_728.png,Ankle,Octopus
228,CVC,CVC,control,n,발목,맥주,PICTURE_205.png,PICTURE_229.png,Ankle,Beer
48,CVC,CVC,control,n,경찰,눈썹,PICTURE_213.png,PICTURE_578.png,Police,Eyebrow
65,CVC,CV,control,n,경찰,버섯,PICTURE_213.png,PICTURE_177.png,Police,Mushroom
66,CVC,CV,control,n,경찰,냄비,PICTURE_213.png,PICTURE_369.png,Police,Pot
225,CVC,CVC,control,n,맥주,문어,PICTURE_229.png,PICTURE_728.png,Beer,Octopus
226,CVC,CVC,control,n,맥주,발목,PICTURE_229.png,PICTURE_205.png,Beer,Ankle
275,CVC,CVC,control,n,전구,공항,PICTURE_244.png,PICTURE_617.png,Lightbulb,Airport
276,CVC,CVC,control,n,전구,신부,PICTURE_244.png,PICTURE_602.png,Lightbulb,Priest
67,CVC,CV,control,n,감자,버섯,PICTURE_249.png,PICTURE_177.png,Potato,Mushroom
68,CVC,CV,control,n,감자,냄비,PICTURE_249.png,PICTURE_369.png,Potato,Pot
72,CVC,CVC,control,n,감자,봉투,PICTURE_249.png,PICTURE_310.png,Potato,Envelope
185,CVC,CV,control,n,침대,사슴,PICTURE_268.png,PICTURE_105.png,Bed,Deer
186,CVC,CV,control,n,침대,포도,PICTURE_268.png,PICTURE_620.png,Bed,Grapes
191,CVC,CVC,control,n,침대,폭탄,PICTURE_268.png,PICTURE_386.png,Bed,Bomb
283,CVC,CVC,control,n,공룡,신발,PICTURE_293.png,PICTURE_541.png,Dinosaur,Shoes
284,CVC,CVC,control,n,공룡,전갈,PICTURE_293.png,PICTURE_370.png,Dinosaur,Scorpion
115,CVC,CV,control,n,깃발,타조,PICTURE_295.png,PICTURE_299.png,Flag,Ostrich
116,CVC,CV,control,n,깃발,고래,PICTURE_295.png,PICTURE_724.png,Flag,Whale
120,CVC,CVC,control,n,깃발,말벌,PICTURE_295.png,PICTURE_62.png,Flag,Hornet
75,CV,CV,control,n,타조,도끼,PICTURE_299.png,PICTURE_422.png,Ostrich,Axe
81,CV,CVC,control,n,타조,깃발,PICTURE_299.png,PICTURE_295.png,Ostrich,Flag
82,CV,CVC,control,n,타조,복도,PICTURE_299.png,PICTURE_483.png,Ostrich,Hallway
239,CVC,CVC,control,n,날개,백조,PICTURE_307.png,PICTURE_528.png,Wing,Swan
240,CVC,CVC,control,n,날개,분필,PICTURE_307.png,PICTURE_622.png,Wing,Chalk
19,CVC,CV,control,n,봉투,노트,PICTURE_310.png,PICTURE_642.png,Envelope,Notebook
20,CVC,CV,control,n,봉투,계단,PICTURE_310.png,PICTURE_500.png,Envelope,Stairs
71,CVC,CVC,control,n,봉투,감자,PICTURE_310.png,PICTURE_249.png,Envelope,Potato
247,CVC,CVC,control,n,군인,책상,PICTURE_317.png,PICTURE_110.png,Soldier,Desk
248,CVC,CVC,control,n,군인,팔찌,PICTURE_317.png,PICTURE_588.png,Soldier,Bracelet
27,CV,CV,control,n,냄비,거미,PICTURE_369.png,PICTURE_38.png,Pot,Spider
33,CV,CVC,control,n,냄비,반지,PICTURE_369.png,PICTURE_744.png,Pot,Ring
34,CV,CVC,control,n,냄비,경찰,PICTURE_369.png,PICTURE_213.png,Pot,Police
287,CVC,CVC,control,n,전갈,공룡,PICTURE_370.png,PICTURE_293.png,Scorpion,Dinosaur
288,CVC,CVC,control,n,전갈,신발,PICTURE_370.png,PICTURE_541.png,Scorpion,Shoes
28,CV,CV,control,n,거미,냄비,PICTURE_38.png,PICTURE_369.png,Spider,Pot
57,CV,CVC,control,n,거미,봉투,PICTURE_38.png,PICTURE_310.png,Spider,Envelope
58,CV,CVC,control,n,거미,낙타,PICTURE_38.png,PICTURE_77.png,Spider,Camel
192,CVC,CVC,control,n,폭탄,침대,PICTURE_386.png,PICTURE_268.png,Bomb,Bed
209,CVC,CV,control,n,폭탄,치즈,PICTURE_386.png,PICTURE_72.png,Bomb,Cheese
210,CVC,CV,control,n,폭탄,사진,PICTURE_386.png,PICTURE_527.png,Bomb,Photo
168,CVC,CVC,control,n,칠판,삼각,PICTURE_402.png,PICTURE_181.png,Blackboard,Triangle
187,CVC,CV,control,n,칠판,사슴,PICTURE_402.png,PICTURE_105.png,Blackboard,Deer
188,CVC,CV,control,n,칠판,포도,PICTURE_402.png,PICTURE_620.png,Blackboard,Grapes
76,CV,CV,control,n,도끼,타조,PICTURE_422.png,PICTURE_299.png,Axe,Ostrich
131,CV,CVC,control,n,도끼,장미,PICTURE_422.png,PICTURE_480.png,Axe,Rose
132,CV,CVC,control,n,도끼,식물,PICTURE_422.png,PICTURE_611.png,Axe,Plant
89,CVC,CV,control,n,장미,피자,PICTURE_480.png,PICTURE_489.png,Rose,Pizza
90,CVC,CV,control,n,장미,도끼,PICTURE_480.png,PICTURE_422.png,Rose,Axe
95,CVC,CVC,control,n,장미,복도,PICTURE_480.png,PICTURE_483.png,Rose,Hallway
96,CVC,CVC,control,n,복도,장미,PICTURE_483.png,PICTURE_480.png,Hallway,Rose
139,CVC,CV,control,n,복도,사과,PICTURE_483.png,PICTURE_552.png,Hallway,Apple
140,CVC,CV,control,n,복도,지문,PICTURE_483.png,PICTURE_537.png,Hallway,Fingerprint
105,CV,CVC,control,n,피자,촛불,PICTURE_489.png,PICTURE_68.png,Pizza,Candle
106,CV,CVC,control,n,피자,말벌,PICTURE_489.png,PICTURE_62.png,Pizza,Hornet
124,CV,CV,control,n,피자,고래,PICTURE_489.png,PICTURE_724.png,Pizza,Whale
51,CV,CV,control,n,계단,버섯,PICTURE_500.png,PICTURE_177.png,Stairs,Mushroom
59,CV,CVC,control,n,계단,봉투,PICTURE_500.png,PICTURE_310.png,Stairs,Envelope
60,CV,CVC,control,n,계단,낙타,PICTURE_500.png,PICTURE_77.png,Stairs,Camel
263,CVC,CVC,control,n,전화,공주,PICTURE_509.png,PICTURE_157.png,Telephone,Princess
264,CVC,CVC,control,n,전화,신문,PICTURE_509.png,PICTURE_61.png,Telephone,Newspaper
147,CV,CV,control,n,사진,포크,PICTURE_527.png,PICTURE_673.png,Photo,Fork
153,CV,CVC,control,n,사진,침대,PICTURE_527.png,PICTURE_268.png,Photo,Bed
154,CV,CVC,control,n,사진,폴더,PICTURE_527.png,PICTURE_596.png,Photo,Folder
235,CVC,CVC,control,n,백조,분필,PICTURE_528.png,PICTURE_622.png,Swan,Chalk
236,CVC,CVC,control,n,백조,날개,PICTURE_528.png,PICTURE_307.png,Swan,Wing
163,CVC,CV,control,n,상어,치마,PICTURE_533.png,PICTURE_199.png,Shark,Skirt
164,CVC,CV,control,n,상어,포크,PICTURE_533.png,PICTURE_673.png,Shark,Fork
216,CVC,CVC,control,n,상어,폴더,PICTURE_533.png,PICTURE_596.png,Shark,Folder
99,CV,CV,control,n,지문,사과,PICTURE_537.png,PICTURE_552.png,Fingerprint,Apple
107,CV,CVC,control,n,지문,촛불,PICTURE_537.png,PICTURE_68.png,Fingerprint,Candle
108,CV,CVC,control,n,지문,말벌,PICTURE_537.png,PICTURE_62.png,Fingerprint,Hornet
285,CVC,CVC,control,n,신발,공룡,PICTURE_541.png,PICTURE_293.png,Shoes,Dinosaur
286,CVC,CVC,control,n,신발,전갈,PICTURE_541.png,PICTURE_370.png,Shoes,Scorpion
83,CV,CVC,control,n,사과,깃발,PICTURE_552.png,PICTURE_295.png,Apple,Flag
84,CV,CVC,control,n,사과,복도,PICTURE_552.png,PICTURE_483.png,Apple,Hallway
100,CV,CV,control,n,사과,지문,PICTURE_552.png,PICTURE_537.png,Apple,Fingerprint
43,CVC,CV,control,n,눈썹,부엌,PICTURE_578.png,PICTURE_730.png,Eyebrow,Kitchen
44,CVC,CV,control,n,눈썹,거미,PICTURE_578.png,PICTURE_38.png,Eyebrow,Spider
47,CVC,CVC,control,n,눈썹,경찰,PICTURE_578.png,PICTURE_213.png,Eyebrow,Police
251,CVC,CVC,control,n,팔찌,군인,PICTURE_588.png,PICTURE_317.png,Bracelet,Soldier
252,CVC,CVC,control,n,팔찌,책상,PICTURE_588.png,PICTURE_110.png,Bracelet,Desk
211,CVC,CV,control,n,폴더,치즈,PICTURE_596.png,PICTURE_72.png,Folder,Cheese
212,CVC,CV,control,n,폴더,사진,PICTURE_596.png,PICTURE_527.png,Folder,Photo
215,CVC,CVC,control,n,폴더,상어,PICTURE_596.png,PICTURE_533.png,Folder,Shark
273,CVC,CVC,control,n,신부,공항,PICTURE_602.png,PICTURE_617.png,Priest,Airport
274,CVC,CVC,control,n,신부,전구,PICTURE_602.png,PICTURE_244.png,Priest,Lightbulb
261,CVC,CVC,control,n,신문,공주,PICTURE_61.png,PICTURE_157.png,Newspaper,Princess
262,CVC,CVC,control,n,신문,전화,PICTURE_61.png,PICTURE_509.png,Newspaper,Telephone
113,CVC,CV,control,n,식물,타조,PICTURE_611.png,PICTURE_299.png,Plant,Ostrich
114,CVC,CV,control,n,식물,고래,PICTURE_611.png,PICTURE_724.png,Plant,Whale
144,CVC,CVC,control,n,식물,촛불,PICTURE_611.png,PICTURE_68.png,Plant,Candle
271,CVC,CVC,control,n,공항,신부,PICTURE_617.png,PICTURE_602.png,Airport,Priest
272,CVC,CVC,control,n,공항,전구,PICTURE_617.png,PICTURE_244.png,Airport,Lightbulb
91,CVC,CV,control,n,말벌,피자,PICTURE_62.png,PICTURE_489.png,Hornet,Pizza
92,CVC,CV,control,n,말벌,도끼,PICTURE_62.png,PICTURE_422.png,Hornet,Axe
119,CVC,CVC,control,n,말벌,깃발,PICTURE_62.png,PICTURE_295.png,Hornet,Flag
196,CV,CV,control,n,포도,치마,PICTURE_620.png,PICTURE_199.png,Grapes,Skirt
201,CV,CVC,control,n,포도,삼각,PICTURE_620.png,PICTURE_181.png,Grapes,Triangle
202,CV,CVC,control,n,포도,칠판,PICTURE_620.png,PICTURE_402.png,Grapes,Blackboard
237,CVC,CVC,control,n,분필,백조,PICTURE_622.png,PICTURE_528.png,Chalk,Swan
238,CVC,CVC,control,n,분필,날개,PICTURE_622.png,PICTURE_307.png,Chalk,Wing
4,CV,CV,control,n,노트,부엌,PICTURE_642.png,PICTURE_730.png,Notebook,Kitchen
35,CV,CVC,control,n,노트,반지,PICTURE_642.png,PICTURE_744.png,Notebook,Ring
36,CV,CVC,control,n,노트,경찰,PICTURE_642.png,PICTURE_213.png,Notebook,Police
148,CV,CV,control,n,포크,사진,PICTURE_673.png,PICTURE_527.png,Fork,Photo
203,CV,CVC,control,n,포크,삼각,PICTURE_673.png,PICTURE_181.png,Fork,Triangle
204,CV,CVC,control,n,포크,칠판,PICTURE_673.png,PICTURE_402.png,Fork,Blackboard
137,CVC,CV,control,n,촛불,사과,PICTURE_68.png,PICTURE_552.png,Candle,Apple
138,CVC,CV,control,n,촛불,지문,PICTURE_68.png,PICTURE_537.png,Candle,Fingerprint
143,CVC,CVC,control,n,촛불,식물,PICTURE_68.png,PICTURE_611.png,Candle,Plant
171,CV,CV,control,n,치즈,사슴,PICTURE_72.png,PICTURE_105.png,Cheese,Deer
177,CV,CVC,control,n,치즈,상어,PICTURE_72.png,PICTURE_533.png,Cheese,Shark
178,CV,CVC,control,n,치즈,폭탄,PICTURE_72.png,PICTURE_386.png,Cheese,Bomb
123,CV,CV,control,n,고래,피자,PICTURE_724.png,PICTURE_489.png,Whale,Pizza
129,CV,CVC,control,n,고래,장미,PICTURE_724.png,PICTURE_480.png,Whale,Rose
130,CV,CVC,control,n,고래,식물,PICTURE_724.png,PICTURE_611.png,Whale,Plant
223,CVC,CVC,control,n,문어,맥주,PICTURE_728.png,PICTURE_229.png,Octopus,Beer
224,CVC,CVC,control,n,문어,발목,PICTURE_728.png,PICTURE_205.png,Octopus,Ankle
3,CV,CV,control,n,부엌,노트,PICTURE_730.png,PICTURE_642.png,Kitchen,Notebook
11,CV,CVC,control,n,부엌,눈썹,PICTURE_730.png,PICTURE_578.png,Kitchen,Eyebrow
12,CV,CVC,control,n,부엌,감자,PICTURE_730.png,PICTURE_249.png,Kitchen,Potato
17,CVC,CV,control,n,반지,노트,PICTURE_744.png,PICTURE_642.png,Ring,Notebook
18,CVC,CV,control,n,반지,계단,PICTURE_744.png,PICTURE_500.png,Ring,Stairs
23,CVC,CVC,control,n,반지,낙타,PICTURE_744.png,PICTURE_77.png,Ring,Camel
24,CVC,CVC,control,n,낙타,반지,PICTURE_77.png,PICTURE_744.png,Camel,Ring
41,CVC,CV,control,n,낙타,부엌,PICTURE_77.png,PICTURE_730.png,Camel,Kitchen
42,CVC,CV,control,n,낙타,거미,PICTURE_77.png,PICTURE_38.png,Camel,Spider
146,CV,CV,syllable,y,사슴,사진,PICTURE_105.png,PICTURE_527.png,Deer,Photo
151,CV,CVC,body,y,사슴,삼각,PICTURE_105.png,PICTURE_181.png,Deer,Triangle
152,CV,CVC,body,y,사슴,상어,PICTURE_105.png,PICTURE_533.png,Deer,Shark
157,CVC,CV,body,y,삼각,사진,PICTURE_181.png,PICTURE_527.png,Triangle,Photo
158,CVC,CV,body,y,삼각,사슴,PICTURE_181.png,PICTURE_105.png,Triangle,Deer
165,CVC,CVC,body,y,삼각,상어,PICTURE_181.png,PICTURE_533.png,Triangle,Shark
170,CV,CV,syllable,y,치마,치즈,PICTURE_199.png,PICTURE_72.png,Skirt,Cheese
175,CV,CVC,body,y,치마,침대,PICTURE_199.png,PICTURE_268.png,Skirt,Bed
176,CV,CVC,body,y,치마,칠판,PICTURE_199.png,PICTURE_402.png,Skirt,Blackboard
181,CVC,CV,body,y,침대,치즈,PICTURE_268.png,PICTURE_72.png,Bed,Cheese
182,CVC,CV,body,y,침대,치마,PICTURE_268.png,PICTURE_199.png,Bed,Skirt
189,CVC,CVC,body,y,침대,칠판,PICTURE_268.png,PICTURE_402.png,Bed,Blackboard
205,CVC,CV,body,y,폭탄,포도,PICTURE_386.png,PICTURE_620.png,Bomb,Grapes
206,CVC,CV,body,y,폭탄,포크,PICTURE_386.png,PICTURE_673.png,Bomb,Fork
213,CVC,CVC,body,y,폭탄,폴더,PICTURE_386.png,PICTURE_596.png,Bomb,Folder
183,CVC,CV,body,y,칠판,치즈,PICTURE_402.png,PICTURE_72.png,Blackboard,Cheese
184,CVC,CV,body,y,칠판,치마,PICTURE_402.png,PICTURE_199.png,Blackboard,Skirt
190,CVC,CVC,body,y,칠판,침대,PICTURE_402.png,PICTURE_268.png,Blackboard,Bed
145,CV,CV,syllable,y,사진,사슴,PICTURE_527.png,PICTURE_105.png,Photo,Deer
149,CV,CVC,body,y,사진,삼각,PICTURE_527.png,PICTURE_181.png,Photo,Triangle
150,CV,CVC,body,y,사진,상어,PICTURE_527.png,PICTURE_533.png,Photo,Shark
159,CVC,CV,body,y,상어,사진,PICTURE_533.png,PICTURE_527.png,Shark,Photo
160,CVC,CV,body,y,상어,사슴,PICTURE_533.png,PICTURE_105.png,Shark,Deer
166,CVC,CVC,body,y,상어,삼각,PICTURE_533.png,PICTURE_181.png,Shark,Triangle
207,CVC,CV,body,y,폴더,포도,PICTURE_596.png,PICTURE_620.png,Folder,Grapes
208,CVC,CV,body,y,폴더,포크,PICTURE_596.png,PICTURE_673.png,Folder,Fork
214,CVC,CVC,body,y,폴더,폭탄,PICTURE_596.png,PICTURE_386.png,Folder,Bomb
193,CV,CV,syllable,y,포도,포크,PICTURE_620.png,PICTURE_673.png,Grapes,Fork
197,CV,CVC,body,y,포도,폭탄,PICTURE_620.png,PICTURE_386.png,Grapes,Bomb
198,CV,CVC,body,y,포도,폴더,PICTURE_620.png,PICTURE_596.png,Grapes,Folder
194,CV,CV,body,y,포크,포도,PICTURE_673.png,PICTURE_620.png,Fork,Grapes
199,CV,CVC,body,y,포크,폭탄,PICTURE_673.png,PICTURE_386.png,Fork,Bomb
200,CV,CVC,body,y,포크,폴더,PICTURE_673.png,PICTURE_596.png,Fork,Folder
169,CV,CV,syllable,y,치즈,치마,PICTURE_72.png,PICTURE_199.png,Cheese,Skirt
173,CV,CVC,body,y,치즈,침대,PICTURE_72.png,PICTURE_268.png,Cheese,Bed
174,CV,CVC,body,y,치즈,칠판,PICTURE_72.png,PICTURE_402.png,Cheese,Blackboard
253,CVC,CVC,syllable,y,공주,공룡,PICTURE_157.png,PICTURE_293.png,Princess,Dinosaur
254,CVC,CVC,syllable,y,공주,공항,PICTURE_157.png,PICTURE_617.png,Princess,Airport
279,CVC,CVC,syllable,y,전구,전갈,PICTURE_244.png,PICTURE_370.png,Lightbulb,Scorpion
280,CVC,CVC,syllable,y,전구,전화,PICTURE_244.png,PICTURE_509.png,Lightbulb,Telephone
255,CVC,CVC,syllable,y,공룡,공주,PICTURE_293.png,PICTURE_157.png,Dinosaur,Princess
256,CVC,CVC,syllable,y,공룡,공항,PICTURE_293.png,PICTURE_617.png,Dinosaur,Airport
277,CVC,CVC,syllable,y,전갈,전구,PICTURE_370.png,PICTURE_244.png,Scorpion,Lightbulb
278,CVC,CVC,syllable,y,전갈,전화,PICTURE_370.png,PICTURE_509.png,Scorpion,Telephone
281,CVC,CVC,syllable,y,전화,전갈,PICTURE_509.png,PICTURE_370.png,Telephone,Scorpion
282,CVC,CVC,syllable,y,전화,전구,PICTURE_509.png,PICTURE_244.png,Telephone,Lightbulb
265,CVC,CVC,syllable,y,신발,신문,PICTURE_541.png,PICTURE_61.png,Shoes,Newspaper
266,CVC,CVC,syllable,y,신발,신부,PICTURE_541.png,PICTURE_602.png,Shoes,Priest
269,CVC,CVC,syllable,y,신부,신발,PICTURE_602.png,PICTURE_541.png,Priest,Shoes
270,CVC,CVC,syllable,y,신부,신문,PICTURE_602.png,PICTURE_61.png,Priest,Newspaper
267,CVC,CVC,syllable,y,신문,신발,PICTURE_61.png,PICTURE_541.png,Newspaper,Shoes
268,CVC,CVC,syllable,y,신문,신부,PICTURE_61.png,PICTURE_602.png,Newspaper,Priest
257,CVC,CVC,syllable,y,공항,공룡,PICTURE_617.png,PICTURE_293.png,Airport,Dinosaur
258,CVC,CVC,syllable,y,공항,공주,PICTURE_617.png,PICTURE_157.png,Airport,Princess
111,CVC,CV,nucleus,y,깃발,피자,PICTURE_295.png,PICTURE_489.png,Flag,Pizza
112,CVC,CV,nucleus,y,깃발,지문,PICTURE_295.png,PICTURE_537.png,Flag,Fingerprint
118,CVC,CVC,nucleus,y,깃발,식물,PICTURE_295.png,PICTURE_611.png,Flag,Plant
73,CV,CV,nucleus,y,타조,사과,PICTURE_299.png,PICTURE_552.png,Ostrich,Apple
77,CV,CVC,nucleus,y,타조,장미,PICTURE_299.png,PICTURE_480.png,Ostrich,Rose
78,CV,CVC,nucleus,y,타조,말벌,PICTURE_299.png,PICTURE_62.png,Ostrich,Hornet
122,CV,CV,nucleus,y,도끼,고래,PICTURE_422.png,PICTURE_724.png,Axe,Whale
127,CV,CVC,nucleus,y,도끼,촛불,PICTURE_422.png,PICTURE_68.png,Axe,Candle
128,CV,CVC,nucleus,y,도끼,복도,PICTURE_422.png,PICTURE_483.png,Axe,Hallway
85,CVC,CV,nucleus,y,장미,타조,PICTURE_480.png,PICTURE_299.png,Rose,Ostrich
86,CVC,CV,nucleus,y,장미,사과,PICTURE_480.png,PICTURE_552.png,Rose,Apple
93,CVC,CVC,nucleus,y,장미,말벌,PICTURE_480.png,PICTURE_62.png,Rose,Hornet
135,CVC,CV,nucleus,y,복도,고래,PICTURE_483.png,PICTURE_724.png,Hallway,Whale
136,CVC,CV,nucleus,y,복도,도끼,PICTURE_483.png,PICTURE_422.png,Hallway,Axe
142,CVC,CVC,nucleus,y,복도,촛불,PICTURE_483.png,PICTURE_68.png,Hallway,Candle
97,CV,CV,nucleus,y,피자,지문,PICTURE_489.png,PICTURE_537.png,Pizza,Fingerprint
101,CV,CVC,nucleus,y,피자,식물,PICTURE_489.png,PICTURE_611.png,Pizza,Plant
102,CV,CVC,nucleus,y,피자,깃발,PICTURE_489.png,PICTURE_295.png,Pizza,Flag
98,CV,CV,nucleus,y,지문,피자,PICTURE_537.png,PICTURE_489.png,Fingerprint,Pizza
103,CV,CVC,nucleus,y,지문,식물,PICTURE_537.png,PICTURE_611.png,Fingerprint,Plant
104,CV,CVC,nucleus,y,지문,깃발,PICTURE_537.png,PICTURE_295.png,Fingerprint,Flag
74,CV,CV,nucleus,y,사과,타조,PICTURE_552.png,PICTURE_299.png,Apple,Ostrich
79,CV,CVC,nucleus,y,사과,장미,PICTURE_552.png,PICTURE_480.png,Apple,Rose
80,CV,CVC,nucleus,y,사과,말벌,PICTURE_552.png,PICTURE_62.png,Apple,Hornet
109,CVC,CV,nucleus,y,식물,피자,PICTURE_611.png,PICTURE_489.png,Plant,Pizza
110,CVC,CV,nucleus,y,식물,지문,PICTURE_611.png,PICTURE_537.png,Plant,Fingerprint
117,CVC,CVC,nucleus,y,식물,깃발,PICTURE_611.png,PICTURE_295.png,Plant,Flag
87,CVC,CV,nucleus,y,말벌,타조,PICTURE_62.png,PICTURE_299.png,Hornet,Ostrich
88,CVC,CV,nucleus,y,말벌,사과,PICTURE_62.png,PICTURE_552.png,Hornet,Apple
94,CVC,CVC,nucleus,y,말벌,장미,PICTURE_62.png,PICTURE_480.png,Hornet,Rose
133,CVC,CV,nucleus,y,촛불,고래,PICTURE_68.png,PICTURE_724.png,Candle,Whale
134,CVC,CV,nucleus,y,촛불,도끼,PICTURE_68.png,PICTURE_422.png,Candle,Axe
141,CVC,CVC,nucleus,y,촛불,복도,PICTURE_68.png,PICTURE_483.png,Candle,Hallway
121,CV,CV,nucleus,y,고래,도끼,PICTURE_724.png,PICTURE_422.png,Whale,Axe
125,CV,CVC,nucleus,y,고래,촛불,PICTURE_724.png,PICTURE_68.png,Whale,Candle
126,CV,CVC,nucleus,y,고래,복도,PICTURE_724.png,PICTURE_483.png,Whale,Hallway
1,CV,CV,onset,y,버섯,부엌,PICTURE_177.png,PICTURE_730.png,Mushroom,Kitchen
5,CV,CVC,onset,y,버섯,봉투,PICTURE_177.png,PICTURE_310.png,Mushroom,Envelope
6,CV,CVC,onset,y,버섯,반지,PICTURE_177.png,PICTURE_744.png,Mushroom,Ring
61,CVC,CV,onset,y,경찰,거미,PICTURE_213.png,PICTURE_38.png,Police,Spider
62,CVC,CV,onset,y,경찰,계단,PICTURE_213.png,PICTURE_500.png,Police,Stairs
69,CVC,CVC,onset,y,경찰,감자,PICTURE_213.png,PICTURE_249.png,Police,Potato
63,CVC,CV,onset,y,감자,거미,PICTURE_249.png,PICTURE_38.png,Potato,Spider
64,CVC,CV,onset,y,감자,계단,PICTURE_249.png,PICTURE_500.png,Potato,Stairs
70,CVC,CVC,onset,y,감자,경찰,PICTURE_249.png,PICTURE_213.png,Potato,Police
15,CVC,CV,onset,y,봉투,버섯,PICTURE_310.png,PICTURE_177.png,Envelope,Mushroom
16,CVC,CV,onset,y,봉투,부엌,PICTURE_310.png,PICTURE_730.png,Envelope,Kitchen
22,CVC,CVC,onset,y,봉투,반지,PICTURE_310.png,PICTURE_744.png,Envelope,Ring
25,CV,CV,onset,y,냄비,노트,PICTURE_369.png,PICTURE_642.png,Pot,Notebook
29,CV,CVC,onset,y,냄비,낙타,PICTURE_369.png,PICTURE_77.png,Pot,Camel
30,CV,CVC,onset,y,냄비,눈썹,PICTURE_369.png,PICTURE_578.png,Pot,Eyebrow
49,CV,CV,onset,y,거미,계단,PICTURE_38.png,PICTURE_500.png,Spider,Stairs
53,CV,CVC,onset,y,거미,경찰,PICTURE_38.png,PICTURE_213.png,Spider,Police
54,CV,CVC,onset,y,거미,감자,PICTURE_38.png,PICTURE_249.png,Spider,Potato
50,CV,CV,onset,y,계단,거미,PICTURE_500.png,PICTURE_38.png,Stairs,Spider
55,CV,CVC,onset,y,계단,경찰,PICTURE_500.png,PICTURE_213.png,Stairs,Police
56,CV,CVC,onset,y,계단,감자,PICTURE_500.png,PICTURE_249.png,Stairs,Potato
39,CVC,CV,onset,y,눈썹,냄비,PICTURE_578.png,PICTURE_369.png,Eyebrow,Pot
40,CVC,CV,onset,y,눈썹,노트,PICTURE_578.png,PICTURE_642.png,Eyebrow,Notebook
46,CVC,CVC,onset,y,눈썹,낙타,PICTURE_578.png,PICTURE_77.png,Eyebrow,Camel
26,CV,CV,onset,y,노트,냄비,PICTURE_642.png,PICTURE_369.png,Notebook,Pot
31,CV,CVC,onset,y,노트,낙타,PICTURE_642.png,PICTURE_77.png,Notebook,Camel
32,CV,CVC,onset,y,노트,눈썹,PICTURE_642.png,PICTURE_578.png,Notebook,Eyebrow
2,CV,CV,onset,y,부엌,버섯,PICTURE_730.png,PICTURE_177.png,Kitchen,Mushroom
7,CV,CVC,onset,y,부엌,봉투,PICTURE_730.png,PICTURE_310.png,Kitchen,Envelope
8,CV,CVC,onset,y,부엌,반지,PICTURE_730.png,PICTURE_744.png,Kitchen,Ring
13,CVC,CV,onset,y,반지,버섯,PICTURE_744.png,PICTURE_177.png,Ring,Mushroom
14,CVC,CV,onset,y,반지,부엌,PICTURE_744.png,PICTURE_730.png,Ring,Kitchen
21,CVC,CVC,onset,y,반지,봉투,PICTURE_744.png,PICTURE_310.png,Ring,Envelope
37,CVC,CV,onset,y,낙타,냄비,PICTURE_77.png,PICTURE_369.png,Camel,Pot
38,CVC,CV,onset,y,낙타,노트,PICTURE_77.png,PICTURE_642.png,Camel,Notebook
45,CVC,CVC,onset,y,낙타,눈썹,PICTURE_77.png,PICTURE_578.png,Camel,Eyebrow
233,CVC,CVC,rime,y,책상,맥주,PICTURE_110.png,PICTURE_229.png,Desk,Beer
234,CVC,CVC,rime,y,책상,백조,PICTURE_110.png,PICTURE_528.png,Desk,Swan
243,CVC,CVC,rime,y,발목,날개,PICTURE_205.png,PICTURE_307.png,Ankle,Wing
244,CVC,CVC,rime,y,발목,팔찌,PICTURE_205.png,PICTURE_588.png,Ankle,Bracelet
229,CVC,CVC,rime,y,맥주,백조,PICTURE_229.png,PICTURE_528.png,Beer,Swan
230,CVC,CVC,rime,y,맥주,책상,PICTURE_229.png,PICTURE_110.png,Beer,Desk
241,CVC,CVC,rime,y,날개,발목,PICTURE_307.png,PICTURE_205.png,Wing,Ankle
242,CVC,CVC,rime,y,날개,팔찌,PICTURE_307.png,PICTURE_588.png,Wing,Bracelet
217,CVC,CVC,rime,y,군인,문어,PICTURE_317.png,PICTURE_728.png,Soldier,Octopus
218,CVC,CVC,rime,y,군인,분필,PICTURE_317.png,PICTURE_622.png,Soldier,Chalk
231,CVC,CVC,rime,y,백조,맥주,PICTURE_528.png,PICTURE_229.png,Swan,Beer
232,CVC,CVC,rime,y,백조,책상,PICTURE_528.png,PICTURE_110.png,Swan,Desk
245,CVC,CVC,rime,y,팔찌,날개,PICTURE_588.png,PICTURE_307.png,Bracelet,Wing
246,CVC,CVC,rime,y,팔찌,발목,PICTURE_588.png,PICTURE_205.png,Bracelet,Ankle
221,CVC,CVC,rime,y,분필,문어,PICTURE_622.png,PICTURE_728.png,Chalk,Octopus
222,CVC,CVC,rime,y,분필,군인,PICTURE_622.png,PICTURE_317.png,Chalk,Soldier
219,CVC,CVC,rime,y,문어,군인,PICTURE_728.png,PICTURE_317.png,Octopus,Soldier
220,CVC,CVC,rime,y,문어,분필,PICTURE_728.png,PICTURE_622.png,Octopus,Chalk
